sampleId,country,city,collectionDate,lat,long,season,locality,type,continent,set,nFlies,SRA_accession,SRA_experiment,SeqPlatform,collector,sampleType,year,yday,stationId,dist_km
VA_ch_16_m06d24,USA,Charlottesville,6/24/16,38,-78.47,NA,VA_ch,pooled,NorthAmerica,CvilleSet,37,NA,NA,illumina novaseq,A._Bangerter,Wild,2016,174,USW00003759,0.475773345
VA_ch_16_m07d08,USA,Charlottesville,7/8/16,38,-78.47,NA,VA_ch,pooled,NorthAmerica,CvilleSet,36,NA,NA,illumina novaseq,A._Bangerter,Wild,2016,188,USW00003759,0.475773345
VA_ch_16_m07d22,USA,Charlottesville,7/22/16,38,-78.47,NA,VA_ch,pooled,NorthAmerica,CvilleSet,22,NA,NA,illumina novaseq,A._Bangerter,Wild,2016,202,USW00003759,0.475773345
VA_ch_16_m08d19,USA,Charlottesville,8/19/16,38,-78.47,NA,VA_ch,pooled,NorthAmerica,CvilleSet,23,NA,NA,illumina novaseq,A._Bangerter,Wild,2016,230,USW00003759,0.475773345
VA_ch_16_m09d02,USA,Charlottesville,9/2/16,38,-78.47,NA,VA_ch,pooled,NorthAmerica,CvilleSet,146,NA,NA,illumina novaseq,A._Bangerter,Wild,2016,244,USW00003759,0.475773345
VA_ch_16_m09d16,USA,Charlottesville,9/16/16,38,-78.47,NA,VA_ch,pooled,NorthAmerica,CvilleSet,113,NA,NA,illumina novaseq,A._Bangerter,Wild,2016,258,USW00003759,0.475773345
VA_ch_16_m10d03,USA,Charlottesville,10/3/16,38,-78.47,NA,VA_ch,pooled,NorthAmerica,CvilleSet,40,NA,NA,illumina novaseq,A._Bangerter,Wild,2016,275,USW00003759,0.475773345
VA_ch_16_m10d14,USA,Charlottesville,10/14/16,38,-78.47,NA,VA_ch,pooled,NorthAmerica,CvilleSet,150,NA,NA,illumina novaseq,A._Bangerter,Wild,2016,286,USW00003759,0.475773345
VA_ch_16_m10d28,USA,Charlottesville,10/28/16,38,-78.47,NA,VA_ch,pooled,NorthAmerica,CvilleSet,118,NA,NA,illumina novaseq,A._Bangerter,Wild,2016,300,USW00003759,0.475773345
VA_ch_16_m11d11,USA,Charlottesville,11/11/16,38,-78.47,NA,VA_ch,pooled,NorthAmerica,CvilleSet,86,NA,NA,illumina novaseq,A._Bangerter,Wild,2016,314,USW00003759,0.475773345
VA_ch_16_m12d03,USA,Charlottesville,12/3/16,38,-78.47,NA,VA_ch,pooled,NorthAmerica,CvilleSet,70,NA,NA,illumina novaseq,A._Bangerter,Wild,2016,336,USW00003759,0.475773345
VA_ch_17_m06d22,USA,Charlottesville,6/22/17,38,-78.47,NA,VA_ch,pooled,NorthAmerica,CvilleSet,39,NA,NA,illumina novaseq,A._Bangerter,Wild,2017,172,USW00003759,0.475773345
VA_ch_17_m07d07,USA,Charlottesville,7/7/17,38,-78.47,NA,VA_ch,pooled,NorthAmerica,CvilleSet,45,NA,NA,illumina novaseq,A._Bangerter,Wild,2017,187,USW00003759,0.475773345
VA_ch_17_m07d20,USA,Charlottesville,7/20/17,38,-78.47,NA,VA_ch,pooled,NorthAmerica,CvilleSet,69,NA,NA,illumina novaseq,A._Bangerter,Wild,2017,200,USW00003759,0.475773345
VA_ch_17_m08d03,USA,Charlottesville,8/3/17,38,-78.47,NA,VA_ch,pooled,NorthAmerica,CvilleSet,29,NA,NA,illumina novaseq,A._Bangerter,Wild,2017,214,USW00003759,0.475773345
VA_ch_17_m08d17,USA,Charlottesville,8/17/17,38,-78.47,NA,VA_ch,pooled,NorthAmerica,CvilleSet,32,NA,NA,illumina novaseq,A._Bangerter,Wild,2017,228,USW00003759,0.475773345
VA_ch_17_m08d31,USA,Charlottesville,8/31/17,38,-78.47,NA,VA_ch,pooled,NorthAmerica,CvilleSet,87,NA,NA,illumina novaseq,A._Bangerter,Wild,2017,242,USW00003759,0.475773345
VA_ch_17_m09d14,USA,Charlottesville,9/14/17,38,-78.47,NA,VA_ch,pooled,NorthAmerica,CvilleSet,92,NA,NA,illumina novaseq,A._Bangerter,Wild,2017,256,USW00003759,0.475773345
VA_ch_17_m09d28,USA,Charlottesville,9/28/17,38,-78.47,NA,VA_ch,pooled,NorthAmerica,CvilleSet,136,NA,NA,illumina novaseq,A._Bangerter,Wild,2017,270,USW00003759,0.475773345
VA_ch_17_m10d12,USA,Charlottesville,10/12/17,38,-78.47,NA,VA_ch,pooled,NorthAmerica,CvilleSet,107,NA,NA,illumina novaseq,A._Bangerter,Wild,2017,284,USW00003759,0.475773345
VA_ch_17_m10d26,USA,Charlottesville,10/26/17,38,-78.47,NA,VA_ch,pooled,NorthAmerica,CvilleSet,120,NA,NA,illumina novaseq,A._Bangerter,Wild,2017,298,USW00003759,0.475773345
VA_ch_17_m11d09,USA,Charlottesville,11/9/17,38,-78.47,NA,VA_ch,pooled,NorthAmerica,CvilleSet,122,NA,NA,illumina novaseq,A._Bangerter,Wild,2017,312,USW00003759,0.475773345
VA_ch_17_m11d24,USA,Charlottesville,11/24/17,38,-78.47,NA,VA_ch,pooled,NorthAmerica,CvilleSet,21,NA,NA,illumina novaseq,A._Bangerter,Wild,2017,327,USW00003759,0.475773345
VA_ch_17_m12d07,USA,Charlottesville,12/7/17,38,-78.47,NA,VA_ch,pooled,NorthAmerica,CvilleSet,24,NA,NA,illumina novaseq,A._Bangerter,Wild,2017,340,USW00003759,0.475773345
VA_ch_18_m06d28,USA,Charlottesville,6/28/18,38,-78.47,NA,VA_ch,pooled,NorthAmerica,CvilleSet,10,NA,NA,illumina novaseq,A._Bangerter,Wild,2018,178,USW00003759,0.475773345
VA_ch_18_m07d05,USA,Charlottesville,7/5/18,38,-78.47,NA,VA_ch,pooled,NorthAmerica,CvilleSet,26,NA,NA,illumina novaseq,A._Bangerter,Wild,2018,185,USW00003759,0.475773345
VA_ch_18_m07d12,USA,Charlottesville,7/12/18,38,-78.47,NA,VA_ch,pooled,NorthAmerica,CvilleSet,58,NA,NA,illumina novaseq,A._Bangerter,Wild,2018,192,USW00003759,0.475773345
VA_ch_18_m07d26,USA,Charlottesville,7/26/18,38,-78.47,NA,VA_ch,pooled,NorthAmerica,CvilleSet,70,NA,NA,illumina novaseq,A._Bangerter,Wild,2018,206,USW00003759,0.475773345
VA_ch_18_m08d09,USA,Charlottesville,8/9/18,38,-78.47,NA,VA_ch,pooled,NorthAmerica,CvilleSet,84,NA,NA,illumina novaseq,A._Bangerter,Wild,2018,220,USW00003759,0.475773345
VA_ch_18_m08d23,USA,Charlottesville,8/23/18,38,-78.47,NA,VA_ch,pooled,NorthAmerica,CvilleSet,69,NA,NA,illumina novaseq,A._Bangerter,Wild,2018,234,USW00003759,0.475773345
VA_ch_18_m09d06,USA,Charlottesville,9/6/18,38,-78.47,NA,VA_ch,pooled,NorthAmerica,CvilleSet,60,NA,NA,illumina novaseq,A._Bangerter,Wild,2018,248,USW00003759,0.475773345
VA_ch_18_m09d20,USA,Charlottesville,9/20/18,38,-78.47,NA,VA_ch,pooled,NorthAmerica,CvilleSet,77,NA,NA,illumina novaseq,A._Bangerter,Wild,2018,262,USW00003759,0.475773345
VA_ch_18_m10d04,USA,Charlottesville,10/4/18,38,-78.47,NA,VA_ch,pooled,NorthAmerica,CvilleSet,108,NA,NA,illumina novaseq,A._Bangerter,Wild,2018,276,USW00003759,0.475773345
VA_ch_18_m10d18,USA,Charlottesville,10/18/18,38,-78.47,NA,VA_ch,pooled,NorthAmerica,CvilleSet,136,NA,NA,illumina novaseq,A._Bangerter,Wild,2018,290,USW00003759,0.475773345
VA_ch_18_m10d25,USA,Charlottesville,10/25/18,38,-78.47,NA,VA_ch,pooled,NorthAmerica,CvilleSet,122,NA,NA,illumina novaseq,A._Bangerter,Wild,2018,297,USW00003759,0.475773345
VA_ch_18_m11d01,USA,Charlottesville,11/1/18,38,-78.47,NA,VA_ch,pooled,NorthAmerica,CvilleSet,103,NA,NA,illumina novaseq,A._Bangerter,Wild,2018,304,USW00003759,0.475773345
VA_ch_18_m11d29,USA,Charlottesville,11/29/18,38,-78.47,NA,VA_ch,pooled,NorthAmerica,CvilleSet,16,NA,NA,illumina novaseq,A._Bangerter,Wild,2018,332,USW00003759,0.475773345
AT_Mau_14_01,Austria,Mauternbach,7/20/14,48.375,15.56,spring,AT_Mau,pooled,Europe,DrosEU,40,SRR5647751,SRX2885357,NextSeq 500,Andrea_J._Betancourt,wild,2014,201,AUM00011389,21.76491746
AT_Mau_14_02,Austria,Mauternbach,10/19/14,48.375,15.56,fall,AT_Mau,pooled,Europe,DrosEU,40,SRR5647750,SRX2885358,NextSeq 500,Andrea_J.Betancourt,wild,2014,292,AUM00011389,21.76491746
AT_Mau_15_50,Austria,Mauternbach,7/20/15,48.375,15.56,spring,AT_Mau,pooled,Europe,DrosEU,40,SRR8439127,SRX5246581,HiSeq X Ten,Andrea_Betancourt,wild,2015,201,AUM00011389,21.76491746
AT_Mau_15_51,Austria,Mauternbach,10/19/15,48.375,15.56,fall,AT_Mau,pooled,Europe,DrosEU,40,SRR8439143,SRX5246565,HiSeq X Ten,Andrea_Betancourt,wild,2015,292,AUM00011389,21.76491746
AT_See_14_44,Austria,Seeboden,8/17/14,46.8136889,13.50794792,spring,AT_See,pooled,Europe,DrosEU,40,SRR5647746,SRX2885362,NextSeq 500,Martin_Kapun,wild,2014,229,AUM00011212,26.68767994
AT_See_16_1,Austria,Seeboden,8/1/16,46.8136889,13.50794792,spring,AT_See,pooled,Europe,DrosEU,40,SRR8494439,SRX5299028,HiSeq X Ten,Martin_Kapun,wild,2016,214,AUM00011212,26.68767994
BY_Bre_15_13,Belarus,Brest,9/11/15,52.142193,23.662434,fall,BY_Bre,pooled,Europe,DrosEU,40,SRR8439157,SRX5246551,HiSeq X Ten,Iryna_Kozeretska,wild,2015,254,BOM00033008,3.170050563
CH_Cha_14_42,Switzerland,Chalet ð Gobet,7/24/14,46.5670416,6.701867,spring,CH_Cha,pooled,Europe,DrosEU,40,SRR5647754,SRX2885354,NextSeq 500,Martin_Kapun,wild,2014,205,SZE00116090,33.62290052
CH_Cha_14_43,Switzerland,Chalet ð Gobet,10/5/14,46.5670416,6.701867,fall,CH_Cha,pooled,Europe,DrosEU,40,SRR5647758,SRX2885350,NextSeq 500,Martin_Kapun,wild,2014,278,SZE00116090,33.62290052
CH_Cha_15_39,Switzerland,Chalet ð Gobet,8/1/15,46.5670416,6.701867,spring,CH_Cha,pooled,Europe,DrosEU,40,SRR8439166,SRX5246542,HiSeq X Ten,Martin_Kapun_(Flatt_lab),wild,2015,213,SZE00116090,33.62290052
CH_Cha_16_38,Switzerland,Chalet ð Gobet,8/15/16,46.5670416,6.701867,spring,CH_Cha,pooled,Europe,DrosEU,40,SRR8494459,SRX5299008,HiSeq X Ten,Martin_Kapun,wild,2016,228,SZE00116090,33.62290052
CY_Nic_14_11,Cyprus,Nicosia,8/10/14,35.066461,33.322646,spring,CY_Nic,pooled,Europe,DrosEU,40,SRR5647756,SRX2885352,NextSeq 500,Eliza_Argyridou,wild_caught_and_F1,2014,222,CY000176090,34.89256855
DE_Bro_14_14,Germany,Broggingen,6/26/14,48.218024,7.819513,spring,DE_Bro,pooled,Europe,DrosEU,40,SRR5647762,SRX2885346,NextSeq 500,Fabian_Staubach,wild,2014,177,GME00121750,8.945260407
DE_Bro_14_15,Germany,Broggingen,10/15/14,48.218024,7.819513,fall,DE_Bro,pooled,Europe,DrosEU,40,SRR5647761,SRX2885347,NextSeq 500,Fabian_Staubach,wild,2014,288,GME00121750,8.945260407
DE_Bro_15_53,Germany,Broggingen,6/30/15,48.218,7.82,spring,DE_Bro,pooled,Europe,DrosEU,40,SRR8439148,SRX5246560,HiSeq X Ten,Fabian_Staubach,wild,2015,181,GME00121750,8.937842653
DE_Bro_15_54,Germany,Broggingen,10/25/15,48.218,7.82,fall,DE_Bro,pooled,Europe,DrosEU,40,SRR8439144,SRX5246564,HiSeq X Ten,Fabian_Staubach,wild,2015,298,GME00121750,8.937842653
DE_Bro_16_10,Germany,Broggingen,7/24/16,48.218024,7.819513,spring,DE_Bro,pooled,Europe,DrosEU,40,SRR8494434,SRX5299033,HiSeq X Ten,Fabian_Staubach,wild,2016,206,GME00121750,8.945260407
DE_Bro_16_11,Germany,Broggingen,10/23/16,48.218024,7.819513,fall,DE_Bro,pooled,Europe,DrosEU,40,SRR8494452,SRX5299015,HiSeq X Ten,Fabian_Staubach,wild,2016,297,GME00121750,8.945260407
DE_Mun_14_31,Germany,Munich,6/19/14,48.18,11.61,spring,DE_Mun,pooled,Europe,DrosEU,40,SRR5647744,SRX2885364,NextSeq 500,John_Parsch,wild_caught_and_F1,2014,170,GM000004199,8.130919867
DE_Mun_14_32,Germany,Munich,9/3/14,48.18,11.61,fall,DE_Mun,pooled,Europe,DrosEU,40,SRR5647745,SRX2885363,NextSeq 500,John_Parsch,wild_caught_and_F1,2014,246,GM000004199,8.130919867
DE_Mun_15_45,Germany,Munich,6/1/15,48.18,11.61,spring,DE_Mun,pooled,Europe,DrosEU,40,SRR8439125,SRX5246583,HiSeq X Ten,Eliza_Argyridou,wild_caught_and_F1,2015,152,GM000004199,8.130919867
DE_Mun_15_46,Germany,Munich,9/1/15,48.18,11.61,fall,DE_Mun,pooled,Europe,DrosEU,40,SRR8439124,SRX5246584,HiSeq X Ten,Eliza_Argyridou,wild_caught_and_F1,2015,244,GM000004199,8.130919867
DE_Mun_16_12,Germany,Munich,6/25/16,48.18,11.61,spring,DE_Mun,pooled,Europe,DrosEU,40,SRR8494451,SRX5299016,HiSeq X Ten,John_Parsch,wild_caught_and_F1,2016,177,GM000004199,8.130919867
DE_Mun_16_13,Germany,Munich,9/1/16,48.18,11.61,fall,DE_Mun,pooled,Europe,DrosEU,40,SRR8494454,SRX5299013,HiSeq X Ten,John_Parsch,wild_caught_and_F1,2016,245,GM000004199,8.130919867
DK_Kar_14_39,Denmark,Karensminde,9/1/14,55.945128,10.212586,fall,DK_Kar,pooled,Europe,DrosEU,40,SRR5647772,SRX2885336,NextSeq 500,Mads_Fristrup_Schou,wild,2014,244,DAE00100980,28.19488945
DK_Kar_14_41,Denmark,Karensminde,11/25/14,55.945128,10.212586,fall,DK_Kar,pooled,Europe,DrosEU,40,SRR5647771,SRX2885337,NextSeq 500,Mads_Fristrup_Schou,wild,2014,329,DAE00100980,28.19488945
DK_Kar_16_2,Denmark,Karensminde Orchard,6/8/16,55.945128,10.212586,spring,DK_Kar,pooled,Europe,DrosEU,40,SRR8494440,SRX5299027,HiSeq X Ten,Mads_Fristrup_Schou,wild,2016,160,DAE00100980,28.19488945
DK_Kar_16_3,Denmark,Karensminde Orchard,9/15/16,55.945128,10.212586,fall,DK_Kar,pooled,Europe,DrosEU,40,SRR8494438,SRX5299029,HiSeq X Ten,Mads_Fristrup_Schou,wild,2016,259,DAE00100980,28.19488945
DK_Kar_16_4,Denmark,Karensminde Orchard,11/22/16,55.945128,10.212586,fall,DK_Kar,pooled,Europe,DrosEU,40,SRR8494437,SRX5299030,HiSeq X Ten,Mads_Fristrup_Schou,wild,2016,327,DAE00100980,28.19488945
ES_Ben_16_32,Spain,Benalua,10/8/16,37.353733,-3.167179,fall,ES_Ben,pooled,Europe,DrosEU,40,SRR8494475,SRX5298992,HiSeq X Ten,Josefa_Gonzalez_and_IES_Jose_de_Mora,wild,2016,282,SPE00120089,58.10590608
ES_Cor_15_33,Spain,Cortes de Baza,8/8/15,37.661547,-2.79631,spring,ES_Cor,pooled,Europe,DrosEU,40,SRR8439163,SRX5246545,HiSeq X Ten,Lain_Guio_and_Anna__Ullastres_(Gonzalez_lab),wild,2015,220,SPE00120170,90.08072284
ES_Gim_14_34,Spain,Gimenells,10/20/14,41.6175899,0.6200146,fall,ES_Gim,pooled,Europe,DrosEU,40,SRR5647769,SRX2885339,NextSeq 500,Lain_Guio,wild,2014,293,SPE00120242,2.266604855
ES_Gim_14_35,Spain,Gimenells,8/13/14,41.6175899,0.6200146,spring,ES_Gim,pooled,Europe,DrosEU,40,SRR5647776,SRX2885332,NextSeq 500,Lain_Guio,wild,2014,225,SPE00120242,2.266604855
ES_Gim_15_30,Spain,Gimenells,6/28/15,41.656416,0.388472,spring,ES_Gim,pooled,Europe,DrosEU,40,SRR8439138,SRX5246570,HiSeq X Ten,Marta_Pascual,wild,2015,179,SPE00156468,5.79718302
ES_Gim_15_31,Spain,Gimenells,10/22/15,41.656416,0.388472,fall,ES_Gim,pooled,Europe,DrosEU,40,SRR8439168,SRX5246540,HiSeq X Ten,Maria_Pilar_Garcia-Guerreiro,wild,2015,295,SPE00156468,5.79718302
ES_Gim_16_33,Spain,Gimenells,8/25/16,41.656416,0.388472,spring,ES_Gim,pooled,Europe,DrosEU,40,SRR8494470,SRX5298997,HiSeq X Ten,Pilar_GARCIA_GUERREIRO,wild,2016,238,SPE00156468,5.79718302
ES_Gim_16_34,Spain,Gimenells,10/21/16,41.656416,0.388472,fall,ES_Gim,pooled,Europe,DrosEU,40,SRR8494472,SRX5298995,HiSeq X Ten,Dorcas_Orengo;_Eva_Puerma,wild,2016,295,SPE00156468,5.79718302
ES_Gua_15_32,Spain,Guadix,9/12/15,37.3308,-3.173416,fall,ES_Gua,pooled,Europe,DrosEU,40,SRR8439164,SRX5246544,HiSeq X Ten,Anna_Ullastres_and_Miriam_Merenciano_(Gonzalez_lab),wild,2015,255,SPE00120089,56.83405384
ES_Pur_16_35,Spain,Purullena. El Bejarðn (Guadix),8/30/16,37.3377875,-3.1786148,spring,ES_Pur,pooled,Europe,DrosEU,40,SRR8494462,SRX5299005,HiSeq X Ten,Vivien_Horvath;_Miriam_Merenciano,wild,2016,243,SPE00120089,56.60927217
ES_Tom_15_28,Spain,Tomelloso,10/8/15,39.15805,-3.021,fall,ES_Tom,pooled,Europe,DrosEU,40,SRR8439136,SRX5246572,HiSeq X Ten,Roberto_Torres_and_Josefa_Gonzððððððlez,wild,2015,281,SPE00120035,79.97195995
ES_Tom_15_29,Spain,Tomelloso,9/17/15,39.15805,-3.021,fall,ES_Tom,pooled,Europe,DrosEU,40,SRR8439137,SRX5246571,HiSeq X Ten,Roberto_Torres_and_Josefa_Gonzððððððlez,wild,2015,260,SPE00120035,79.97195995
ES_Tom_16_36,Spain,Tomelloso,9/2/16,39.152529,-3.0616048,fall,ES_Tom,pooled,Europe,DrosEU,40,SRR8494461,SRX5299006,HiSeq X Ten,Vivien_Horvath;_Miriam_Merenciano,wild,2016,246,SPE00120035,76.4155806
ES_Tom_16_37,Spain,Tomelloso,10/11/16,39.152529,-3.0616048,fall,ES_Tom,pooled,Europe,DrosEU,40,SRR8494460,SRX5299007,HiSeq X Ten,Josefa_Gonzalez_and_IES_Eladio_Cabaððððððero,wild,2016,285,SPE00120035,76.4155806
FI_Aka_14_36,Finland,Akaa,7/25/14,61.1,23.52,spring,FI_Aka,pooled,Europe,DrosEU,40,SRR5647775,SRX2885333,NextSeq 500,Maaria_Kankare,wild,2014,206,FI000002963,31.89711212
FI_Aka_14_37,Finland,Akaa,8/27/14,61.1,23.52,spring,FI_Aka,pooled,Europe,DrosEU,40,SRR5647774,SRX2885334,NextSeq 500,Maaria_Kankare,wild,2014,239,FI000002963,31.89711212
FI_Aka_15_34,Finland,Akaa,10/1/15,61.1,23.52,fall,FI_Aka,pooled,Europe,DrosEU,40,SRR8439162,SRX5246546,HiSeq X Ten,Maaria_Kankare,wild,2015,274,FI000002963,31.89711212
FI_Aka_15_35,Finland,Akaa,7/21/15,61.1,23.52,spring,FI_Aka,pooled,Europe,DrosEU,40,SRR8439161,SRX5246547,HiSeq X Ten,Maaria_Kankare,wild,2015,202,FI000002963,31.89711212
FI_Aka_16_5,Finland,Akaa,7/24/16,61.1,23.52,spring,FI_Aka,pooled,Europe,DrosEU,40,SRR8494445,SRX5299022,HiSeq X Ten,Maaria_Kankare,wild,2016,206,FI000002963,31.89711212
FI_Aka_16_6,Finland,Akaa,9/17/16,61.1,23.52,fall,FI_Aka,pooled,Europe,DrosEU,40,SRR8494443,SRX5299024,HiSeq X Ten,Maaria_Kankare,wild,2016,261,FI000002963,31.89711212
FI_Ves_14_38,Finland,Vesanto,7/26/14,62.55,26.24,spring,FI_Ves,pooled,Europe,DrosEU,33,SRR5647773,SRX2885335,NextSeq 500,Maaria_Kankare,wild,2014,207,FI000002401,33.3437969
FI_Ves_16_7,Finland,Vesanto,7/29/16,62.55,26.24,spring,FI_Ves,pooled,Europe,DrosEU,40,SRR8494442,SRX5299025,HiSeq X Ten,Maaria_Kankare,wild,2016,211,FI000002401,33.3437969
FR_Got_14_08,France,Gotheron,7/8/14,44.976813,4.930005,spring,FR_Got,pooled,Europe,DrosEU,40,SRR5647753,SRX2885355,NextSeq 500,Cristina_Vieira,wild,2014,189,FRE00104907,46.68638679
FR_Got_15_47,France,Gotheron,5/21/15,44.977,4.93,spring,FR_Got,pooled,Europe,DrosEU,40,SRR8439122,SRX5246586,HiSeq X Ten,Cristina_Vieira,wild,2015,141,FRE00104907,46.7058365
FR_Got_15_48,France,Gotheron,9/9/15,44.977,4.93,fall,FR_Got,pooled,Europe,DrosEU,40,SRR8439123,SRX5246585,HiSeq X Ten,Cristina_Vieira,wild,2015,252,FRE00104907,46.7058365
FR_Got_15_49,France,Gotheron,10/13/15,44.977,4.93,fall,FR_Got,pooled,Europe,DrosEU,40,SRR8439126,SRX5246582,HiSeq X Ten,Cristina_Vieira,wild,2015,286,FRE00104907,46.7058365
FR_Got_16_8,France,Gotheron,6/13/16,44.976813,4.930005,spring,FR_Got,pooled,Europe,DrosEU,40,SRR8494447,SRX5299020,HiSeq X Ten,Cristina_Vieira,wild,2016,165,FRE00104907,46.68638679
FR_Vil_14_05,France,Viltain,8/18/14,48.7543324,2.1584108,spring,FR_Vil,pooled,Europe,DrosEU,40,SRR5647755,SRX2885353,NextSeq 500,Catherine_Montchamp-Moreau,wild,2014,230,FR000007150,15.16949216
FR_Vil_14_07,France,Viltain,10/27/14,48.7543324,2.1584108,fall,FR_Vil,pooled,Europe,DrosEU,40,SRR5647729,SRX2885379,NextSeq 500,Catherine_Montchamp-Moreau,wild,2014,300,FR000007150,15.16949216
FR_Vil_15_40,France,Viltain,8/10/15,48.754,2.158,spring,FR_Vil,pooled,Europe,DrosEU,40,SRR8439165,SRX5246543,HiSeq X Ten,Catherine_Montchamp-Moreau,wild,2015,222,FR000007150,15.21424309
FR_Vil_15_41,France,Viltain,10/14/15,48.754,2.158,fall,FR_Vil,pooled,Europe,DrosEU,40,SRR8439120,SRX5246588,HiSeq X Ten,Catherine_Montchamp-Moreau,wild,2015,287,FR000007150,15.21424309
FR_Vil_16_9,France,Viltain,8/12/16,48.7543324,2.1584108,spring,FR_Vil,pooled,Europe,DrosEU,40,SRR8494435,SRX5299032,HiSeq X Ten,Catherine_Montchamp-Moreau,wild,2016,225,FR000007150,15.16949216
GS_Des_15_1,Guadeloupe,Deshaies,12/16/15,16.32,-61.78,fall,GS_Des,pooled,Europe,DrosEU,40,SRR8439114,SRX5246595,HiSeq X Ten,Maaria_Kankare,wild,2015,350,MBM00078922,196.9489575
GS_Sai_15_2,Guadeloupe,Saint Francois,12/23/15,16.25,-61.28,fall,GS_Sai,pooled,Europe,DrosEU,40,SRR8439112,SRX5246596,HiSeq X Ten,Maaria_Kankare,wild,2015,357,MBM00078922,169.5360995
HU_Sze_16_14,Hungary,Szeged,8/28/16,46.25,20.13,spring,HU_Sze,pooled,Europe,DrosEU,40,SRR8494453,SRX5299014,HiSeq X Ten,Lððððððszlðððððð_Sipos,wild,2016,241,HUM00012982,2.313406727
IT_Mez_15_43,Italy,Mezzocorona,9/29/15,46.212856,11.08755,fall,IT_Mez,pooled,Europe,DrosEU,40,SRR8439118,SRX5246590,HiSeq X Ten,omar_rota-stabelli,wild,2015,272,IT000160220,8.154117858
IT_Mez_15_44,Italy,Mezzolombardo,10/10/15,46.217939,11.123423,fall,IT_Mez,pooled,Europe,DrosEU,40,SRR8439119,SRX5246589,HiSeq X Ten,omar_rota-stabelli,wild,2015,283,IT000160220,10.27906839
IT_Tre_16_15,Italy,Trentino (San Michele a/A),8/24/16,46.2,11.13333,spring,IT_Tre,pooled,Europe,DrosEU,40,SRR8494456,SRX5299011,HiSeq X Ten,Omar_Rota_Stabelli_-_Gabriella_Tait,wild,2016,237,IT000160220,9.528406555
PO_Brz_15_12,Poland,Brzezina,9/28/15,54.27342,19.620169,fall,PO_Brz,pooled,Europe,DrosEU,40,SRR8439154,SRX5246554,HiSeq X Ten,Iryna_Kozeretska,wild,2015,271,PLM00012160,17.0109788
PO_Brz_16_17,Poland,Brzezina,8/8/16,54.27342,19.620169,spring,PO_Brz,pooled,Europe,DrosEU,40,SRR8494458,SRX5299009,HiSeq X Ten,Iryna_Kozeretska,wild,2016,221,PLM00012160,17.0109788
PO_Gda_16_16,Poland,Gdansk,8/1/16,54.35,18.64,spring,PO_Gda,pooled,Europe,DrosEU,40,SRR8494455,SRX5299012,HiSeq X Ten,Iryna_Kozeretska,wild,2016,214,PLM00012160,55.54793862
PT_Rec_14_33,Portugal,Recarei,9/26/14,41.15,-8.41,fall,PT_Rec,pooled,Europe,DrosEU,40,SRR5647770,SRX2885338,NextSeq 500,Jorge_Vieira,wild,2014,269,POM00008548,111.1527834
PT_Rec_15_16,Portugal,Recarei,9/1/15,41.15,-8.41,fall,PT_Rec,pooled,Europe,DrosEU,40,SRR8439150,SRX5246558,HiSeq X Ten,Jorge_Vieira,wild,2015,244,POM00008548,111.1527834
PT_Rec_16_18,Portugal,Recarei,10/1/16,41.15,-8.41,fall,PT_Rec,pooled,Europe,DrosEU,40,SRR8494457,SRX5299010,HiSeq X Ten,Jorge_Vieira,wild,2016,275,POM00008548,111.1527834
RS_Kal_16_28,Serbia,Kalna,6/30/16,43.4,22.42,spring,RS_Kal,pooled,Europe,DrosEU,40,SRR8494479,SRX5298988,HiSeq X Ten,Marina_Stamenkovic,wild,2016,182,RIE00100814,42.79859358
RS_Kal_16_29,Serbia,Kalna,9/13/16,43.4,22.42,fall,RS_Kal,pooled,Europe,DrosEU,40,SRR8494471,SRX5298996,HiSeq X Ten,Marina_Stamenkovic_(Sonja),wild,2016,257,RIE00100814,42.79859358
RS_Sla_16_30,Serbia,Slankamen. Vinogradi,6/18/16,45.15,20.18,spring,RS_Sla,pooled,Europe,DrosEU,40,SRR8494473,SRX5298994,HiSeq X Ten,Marina_Stamenkovic_(Marija_T),wild,2016,170,RIE00111909,32.94553856
RS_Sla_16_31,Serbia,Slankamen. Vinogradi,9/9/16,45.15,20.18,fall,RS_Sla,pooled,Europe,DrosEU,40,SRR8494474,SRX5298993,HiSeq X Ten,Marina_Stamenkovic_(Marija_T),wild,2016,253,RIE00111909,32.94553856
RU_Ale_15_55,Russia,Alexandrov,9/15/15,56.41472,38.71611,fall,RU_Ale,pooled,Europe,DrosEU,40,SRR8439141,SRX5246567,HiSeq X Ten,elena_pasyukova,wild,2015,258,RSE00149340,32.18279357
RU_Ale_16_22,Russia,Alexandrov,10/15/16,56.41472,38.71611,fall,RU_Ale,pooled,Europe,DrosEU,40,SRR8494476,SRX5298991,HiSeq X Ten,Elena_Pasyukova,wild,2016,289,RSE00149340,32.18279357
RU_Val_14_51,Russia,Valday,8/17/14,57.9788789,33.243615,spring,RU_Val,pooled,Europe,DrosEU,40,SRR5647741,SRX2885367,NextSeq 500,Elena_Pasyukova,wild,2014,229,RSM00026298,51.48051205
RU_Val_16_19,Russia,Valday,8/23/16,58.02444,33.235277,spring,RU_Val,pooled,Europe,DrosEU,40,SRR8494449,SRX5299018,HiSeq X Ten,Elena_Pasyukova,wild,2016,236,RSM00026285,49.40029098
RU_Val_16_20,Russia,Valday,9/29/16,58.02444,33.235277,fall,RU_Val,pooled,Europe,DrosEU,40,SRR8494450,SRX5299017,HiSeq X Ten,Elena_Pasyukova,wild,2016,273,RSM00026285,49.40029098
RU_Val_16_21,Russia,Valday,10/24/16,58.02444,33.235277,fall,RU_Val,pooled,Europe,DrosEU,40,SRR8494477,SRX5298990,HiSeq X Ten,Elena_Pasyukova,wild,2016,298,RSM00026285,49.40029098
RU_tul_15_37,Russia,tula,9/20/15,53.99778,38.13167,fall,RU_tul,pooled,Europe,DrosEU,40,SRR8439159,SRX5246549,HiSeq X Ten,elena_pasyukova,wild,2015,263,RSM00027719,42.64062544
RU_val_15_36,Russia,valday,8/23/15,58.024,33.23528,spring,RU_val,pooled,Europe,DrosEU,40,SRR8439160,SRX5246548,HiSeq X Ten,elena_pasyukova,wild,2015,235,RSM00026285,49.42746969
RU_val_15_38,Russia,valday,10/5/15,58.024,33.23528,fall,RU_val,pooled,Europe,DrosEU,40,SRR8439158,SRX5246550,HiSeq X Ten,elena_pasyukova,wild,2015,278,RSM00026285,49.42746969
SE_Lun_14_30,Sweden,Lund,7/31/14,55.694,13.198,spring,SE_Lun,pooled,Europe,DrosEU,40,SRR5647735,SRX2885373,NextSeq 500,Jessica_Abbott,wild,2014,212,SWE00137534,15.7543378
SE_Lun_15_14,Sweden,Lund,8/24/15,55.694,13.198,spring,SE_Lun,pooled,Europe,DrosEU,40,SRR8439156,SRX5246552,HiSeq X Ten,Jessica_Abbott,wild,2015,236,SWE00137534,15.7543378
SE_Lun_15_15,Sweden,Lund,8/8/15,55.694,13.198,spring,SE_Lun,pooled,Europe,DrosEU,40,SRR8439151,SRX5246557,HiSeq X Ten,Jessica_Abbott,wild,2015,220,SWE00137534,15.7543378
TR_Yes_14_03,Turkey,Yesiloz,8/31/14,40.231444,32.260328,spring,TR_Yes,pooled,Europe,DrosEU,40,SRR5647749,SRX2885359,NextSeq 500,Banu_Sebnem_Onder,wild,2014,243,TUM00017130,61.61480653
TR_Yes_14_04,Turkey,Yesiloz,10/23/14,40.231444,32.260328,fall,TR_Yes,pooled,Europe,DrosEU,40,SRR5647748,SRX2885360,NextSeq 500,Banu_Sebnem_Onder,wild,2014,296,TUM00017130,61.61480653
TR_Yes_15_3,Turkey,Yesiloz,5/1/15,40.231444,32.260328,spring,TR_Yes,pooled,Europe,DrosEU,40,SRR8439113,SRX5246594,HiSeq X Ten,Banu_Sebnem_Onder,wild,2015,121,TUM00017130,61.61480653
TR_Yes_15_4,Turkey,Yesiloz,6/1/15,40.231444,32.260328,spring,TR_Yes,pooled,Europe,DrosEU,40,SRR8439111,SRX5246597,HiSeq X Ten,Banu_Sebnem_Onder,wild,2015,152,TUM00017130,61.61480653
TR_Yes_15_5,Turkey,Yesiloz,7/28/15,40.231444,32.260328,spring,TR_Yes,pooled,Europe,DrosEU,40,SRR8439110,SRX5246598,HiSeq X Ten,Banu_Sebnem_Onder,wild,2015,209,TUM00017130,61.61480653
TR_Yes_15_6,Turkey,Yesiloz,8/27/15,40.231444,32.260328,spring,TR_Yes,pooled,Europe,DrosEU,40,SRR8439109,SRX5246599,HiSeq X Ten,Banu_Sebnem_Onder,wild,2015,239,TUM00017130,61.61480653
TR_Yes_15_7,Turkey,Yesiloz,9/17/15,40.231444,32.260328,fall,TR_Yes,pooled,Europe,DrosEU,40,SRR8439108,SRX5246600,HiSeq X Ten,Banu_Sebnem_Onder,wild,2015,260,TUM00017130,61.61480653
TR_Yes_15_8,Turkey,Yesiloz,10/15/15,40.231444,32.260328,fall,TR_Yes,pooled,Europe,DrosEU,40,SRR8439107,SRX5246601,HiSeq X Ten,Banu_Sebnem_Onder,wild,2015,288,TUM00017130,61.61480653
TR_Yes_16_39,Turkey,Yesiloz TR13,5/26/16,40.231444,32.260328,spring,TR_Yes,pooled,Europe,DrosEU,40,SRR8494467,SRX5299000,HiSeq X Ten,Banu_Onder,wild,2016,147,TUM00017130,61.61480653
TR_Yes_16_40,Turkey,Yesiloz TR14,6/25/16,40.231444,32.260328,spring,TR_Yes,pooled,Europe,DrosEU,40,SRR8494465,SRX5299002,HiSeq X Ten,Banu_Onder,wild,2016,177,TUM00017130,61.61480653
TR_Yes_16_41,Turkey,Yesiloz TR15,7/27/16,40.231444,32.260328,spring,TR_Yes,pooled,Europe,DrosEU,40,SRR8494464,SRX5299003,HiSeq X Ten,Banu_Onder,wild,2016,209,TUM00017130,61.61480653
TR_Yes_16_42,Turkey,Yesiloz TR16,8/24/16,40.231444,32.260328,spring,TR_Yes,pooled,Europe,DrosEU,40,SRR8494463,SRX5299004,HiSeq X Ten,Banu_Onder,wild,2016,237,TUM00017130,61.61480653
TR_Yes_16_43,Turkey,Yesiloz TR17,9/27/16,40.231444,32.260328,fall,TR_Yes,pooled,Europe,DrosEU,40,SRR8494468,SRX5298999,HiSeq X Ten,Banu_Onder,wild,2016,271,TUM00017130,61.61480653
TR_Yes_16_52,Turkey,Yesiloz TR18,10/13/16,40.231444,32.260328,fall,TR_Yes,pooled,Europe,DrosEU,40,SRR8494423,SRX5299044,HiSeq X Ten,Banu_Onder,wild,2016,287,TUM00017130,61.61480653
UA_Che_14_28,Ukraine,Chornobyl (Cooling pond),9/13/14,51.37330556,30.13830556,fall,UA_Che,pooled,Europe,DrosEU,40,SRR5647733,SRX2885375,NextSeq 500,Iryna_Kozeretska,wild,2014,256,UPM00033231,12.02106214
UA_Che_14_29,Ukraine,Chornobyl Yaniv,9/13/14,51.38691667,30.07330556,fall,UA_Che,pooled,Europe,DrosEU,40,SRR5647734,SRX2885374,NextSeq 500,Iryna_Kozeretska,wild,2014,256,UPM00033231,16.04753485
UA_Che_14_47,Ukraine,Chornobyl Applegarden,9/13/14,51.27263889,30.22136111,fall,UA_Che,pooled,Europe,DrosEU,40,SRR5647731,SRX2885377,NextSeq 500,Svitlana_Serga,wild,2014,256,UPM00033231,1.410078263
UA_Che_14_48,Ukraine,Chornobyl Polisske,9/13/14,51.27888889,29.39438889,fall,UA_Che,pooled,Europe,DrosEU,35,SRR5647742,SRX2885366,NextSeq 500,Svitlana_Serga,wild,2014,256,UPM00033213,42.85265835
UA_Cho_15_24,Ukraine,Chornobyl Applegarden (New),8/20/15,51.279245,30.213118,spring,UA_Cho,pooled,Europe,DrosEU,40,SRR8439132,SRX5246576,HiSeq X Ten,Svitlana_Serga,wild,2015,232,UPM00033231,1.448754661
UA_Cho_15_25,Ukraine,Chornobyl Applegarden (New),6/15/15,51.279245,30.213118,spring,UA_Cho,pooled,Europe,DrosEU,40,SRR8439133,SRX5246575,HiSeq X Ten,Svitlana_Serga,wild,2015,166,UPM00033231,1.448754661
UA_Cho_15_26,Ukraine,Chornobyl Kopachi,8/26/15,51.3352,30.136179,spring,UA_Cho,pooled,Europe,DrosEU,40,SRR8439134,SRX5246574,HiSeq X Ten,Iryna_Kozeretska,wild,2015,238,UPM00033231,8.905482298
UA_Cho_15_27,Ukraine,Chornobyl Yaniv,8/26/15,51.38691667,30.07330556,spring,UA_Cho,pooled,Europe,DrosEU,40,SRR8439135,SRX5246573,HiSeq X Ten,Iryna_Kozeretska,wild,2015,238,UPM00033231,16.04753485
UA_Cho_15_65,Ukraine,Chornobyl (Cooling pond),8/26/15,51.37330556,30.13830556,spring,UA_Cho,pooled,Europe,DrosEU,40,SRR8439149,SRX5246559,HiSeq X Ten,Iryna_Kozeretska,wild,2015,238,UPM00033231,12.02106214
UA_Cho_15_67,Ukraine,Chornobyl Applegarden (New),8/26/15,51.279245,30.213118,spring,UA_Cho,pooled,Europe,DrosEU,40,SRR8439128,SRX5246580,HiSeq X Ten,Iryna_Kozeretska,wild,2015,238,UPM00033231,1.448754661
UA_Cho_15_68,Ukraine,Chornobyl Polisske,8/26/15,51.27888889,29.39438889,spring,UA_Cho,pooled,Europe,DrosEU,40,SRR8439169,SRX5246539,HiSeq X Ten,Iryna_Kozeretska,wild,2015,238,UPM00033213,42.85265835
UA_Cho_15_69,Ukraine,Chornobyl Applegarden,8/26/15,51.27263889,30.22136111,spring,UA_Cho,pooled,Europe,DrosEU,40,SRR8439139,SRX5246569,HiSeq X Ten,Iryna_Kozeretska,wild,2015,238,UPM00033231,1.410078263
UA_Cho_15_70,Ukraine,Chornobyl Applegarden (New),7/7/15,51.279245,30.213118,spring,UA_Cho,pooled,Europe,DrosEU,40,SRR8439115,SRX5246593,HiSeq X Ten,Iryna_Kozeretska,wild,2015,188,UPM00033231,1.448754661
UA_Cho_16_54,Ukraine,Chornobyl Applegarden (New),9/4/16,51.27,30.21,fall,UA_Cho,pooled,Europe,DrosEU,40,SRR8494431,SRX5299036,HiSeq X Ten,Iryna_Kozerestka,wild,2016,248,UPM00033231,2.160461268
UA_Cho_16_55,Ukraine,Chornobyl (Cooling pond),9/5/16,51.37,30.13,fall,UA_Cho,pooled,Europe,DrosEU,40,SRR8494444,SRX5299023,HiSeq X Ten,Iryna_Kozerestka,wild,2016,249,UPM00033231,12.05122717
UA_Cho_16_62,Ukraine,Chornobyl Yaniv,9/4/16,51.38691667,30.07330556,fall,UA_Cho,pooled,Europe,DrosEU,40,SRR8494433,SRX5299034,HiSeq X Ten,Iryna_Kozerestka,wild,2016,248,UPM00033231,16.04753485
UA_Dro_14_27,Ukraine,Drogobych,8/24/14,49.32991667,23.50280556,spring,UA_Dro,pooled,Europe,DrosEU,40,SRR5647732,SRX2885376,NextSeq 500,Iryna_Kozeretska,wild,2014,236,UPM00033398,2.460306878
UA_Dro_15_10,Ukraine,Drogobych,9/18/15,49.32991667,23.50280556,fall,UA_Dro,pooled,Europe,DrosEU,40,SRR8439116,SRX5246592,HiSeq X Ten,Iryna_Kozeretska,wild,2015,261,UPM00033398,2.460306878
UA_Dro_16_56,Ukraine,Drogobych,9/12/16,49.32991667,23.50280556,fall,UA_Dro,pooled,Europe,DrosEU,40,SRR8494441,SRX5299026,HiSeq X Ten,Svitlana_Serga,wild,2016,256,UPM00033398,2.460306878
UA_Kan_16_57,Ukraine,Kaniv,7/8/16,49.72,31.53,spring,UA_Kan,pooled,Europe,DrosEU,40,SRR8494448,SRX5299019,HiSeq X Ten,Iryna_Kozerestka,wild,2016,190,UPM00033466,38.69129353
UA_Kha_14_45,Ukraine,Kharkiv,7/26/14,49.81852778,36.05475,spring,UA_Kha,pooled,Europe,DrosEU,40,SRR5647747,SRX2885361,NextSeq 500,Svitlana_Serga,wild,2014,207,UPM00034300,17.4159431
UA_Kha_14_46,Ukraine,Kharkiv,9/14/14,49.81852778,36.05475,fall,UA_Kha,pooled,Europe,DrosEU,40,SRR5647730,SRX2885378,NextSeq 500,Svitlana_Serga,wild,2014,257,UPM00034300,17.4159431
UA_Kha_15_19,Ukraine,Kharkiv,8/20/15,49.81852778,36.05475,spring,UA_Kha,pooled,Europe,DrosEU,40,SRR8439146,SRX5246562,HiSeq X Ten,Svitlana_Serga,wild,2015,232,UPM00034300,17.4159431
UA_Kha_16_58,Ukraine,Kharkiv,8/18/16,49.81852778,36.05475,spring,UA_Kha,pooled,Europe,DrosEU,40,SRR8494446,SRX5299021,HiSeq X Ten,Svitlana_Serga,wild,2016,231,UPM00034300,17.4159431
UA_Kyi_14_23,Ukraine,Kyiv,8/9/14,50.34402778,30.48911111,spring,UA_Kyi,pooled,Europe,DrosEU,40,SRR5647736,SRX2885372,NextSeq 500,Iryna_Kozeretska,wild,2014,221,UPM00033345,6.968401905
UA_Kyi_14_24,Ukraine,Kyiv,9/8/14,50.34402778,30.48911111,fall,UA_Kyi,pooled,Europe,DrosEU,40,SRR5647737,SRX2885371,NextSeq 500,Iryna_Kozeretska,wild,2014,251,UPM00033345,6.968401905
UA_Kyi_14_49,Ukraine,Kyiv,10/11/14,50.34402778,30.48911111,fall,UA_Kyi,pooled,Europe,DrosEU,40,SRR5647743,SRX2885365,NextSeq 500,Svitlana_Serga,wild,2014,284,UPM00033345,6.968401905
UA_Kyi_15_64,Ukraine,Kyiv (Vyshneve),8/10/15,50.383374,30.368038,spring,UA_Kyi,pooled,Europe,DrosEU,40,SRR8439147,SRX5246561,HiSeq X Ten,Iryna_Kozeretska,wild,2015,222,UPM00033345,11.88259282
UA_Kyi_16_44,Ukraine,Kyiv (Vyshneve),9/4/16,50.3834,30.3682,fall,UA_Kyi,pooled,Europe,DrosEU,40,SRR8494466,SRX5299001,HiSeq X Ten,Iryna_Kozerestka,wild,2016,248,UPM00033345,11.87075991
UA_Kyi_16_45,Ukraine,Kyiv (Vyshneve),10/3/16,50.38,30.36,fall,UA_Kyi,pooled,Europe,DrosEU,40,SRR8494428,SRX5299039,HiSeq X Ten,Iryna_Kozerestka,wild,2016,277,UPM00033345,12.50923848
UA_Kyi_16_59,Ukraine,Kyiv (Vyshneve),8/6/16,50.38,30.36,spring,UA_Kyi,pooled,Europe,DrosEU,40,SRR8494430,SRX5299037,HiSeq X Ten,Iryna_Kozerestka,wild,2016,219,UPM00033345,12.50923848
UA_Ode_14_19,Ukraine,Odesa,7/3/14,46.44155556,30.77169444,spring,UA_Ode,pooled,Europe,DrosEU,40,SRR5647766,SRX2885342,NextSeq 500,Iryna_Kozeretska,wild,2014,184,UPM00033837,11.69350886
UA_Ode_14_20,Ukraine,Odesa,7/22/14,46.44155556,30.77169444,spring,UA_Ode,pooled,Europe,DrosEU,40,SRR5647765,SRX2885343,NextSeq 500,Iryna_Kozeretska,wild,2014,203,UPM00033837,11.69350886
UA_Ode_14_21,Ukraine,Odesa,8/29/14,46.44155556,30.77169444,spring,UA_Ode,pooled,Europe,DrosEU,40,SRR5647768,SRX2885340,NextSeq 500,Iryna_Kozeretska,wild,2014,241,UPM00033837,11.69350886
UA_Ode_14_22,Ukraine,Odesa,10/10/14,46.44155556,30.77169444,fall,UA_Ode,pooled,Europe,DrosEU,40,SRR5647767,SRX2885341,NextSeq 500,Iryna_Kozeretska,wild,2014,283,UPM00033837,11.69350886
UA_Ode_15_11,Ukraine,Odesa,9/26/15,46.44155556,30.77169444,fall,UA_Ode,pooled,Europe,DrosEU,40,SRR8439155,SRX5246553,HiSeq X Ten,Iryna_Kozeretska,wild,2015,269,UPM00033837,11.69350886
UA_Ode_15_20,Ukraine,Odesa,6/30/15,46.44155556,30.77169444,spring,UA_Ode,pooled,Europe,DrosEU,40,SRR8439145,SRX5246563,HiSeq X Ten,Iryna_Kozeretska,wild,2015,181,UPM00033837,11.69350886
UA_Ode_15_22,Ukraine,Odesa,8/27/15,46.44155556,30.77169444,spring,UA_Ode,pooled,Europe,DrosEU,40,SRR8439130,SRX5246578,HiSeq X Ten,Iryna_Kozeretska,wild,2015,239,UPM00033837,11.69350886
UA_Ode_15_66,Ukraine,Odesa,7/26/15,46.44155556,30.77169444,spring,UA_Ode,pooled,Europe,DrosEU,40,SRR8439140,SRX5246568,HiSeq X Ten,Iryna_Kozeretska,wild,2015,207,UPM00033837,11.69350886
UA_Ode_16_46,Ukraine,Odesa,8/20/16,46.44,30.77,spring,UA_Ode,pooled,Europe,DrosEU,40,SRR8494429,SRX5299038,HiSeq X Ten,Iryna_Kozerestka,wild,2016,233,UPM00033837,11.63755411
UA_Ode_16_47,Ukraine,Odesa,9/15/16,46.44155556,30.77169444,fall,UA_Ode,pooled,Europe,DrosEU,40,SRR8494427,SRX5299040,HiSeq X Ten,Iryna_Kozerestka,wild,2016,259,UPM00033837,11.69350886
UA_Pir_16_48,Ukraine,Pripyat,9/3/16,51.4,30.05416645,fall,UA_Pir,pooled,Europe,DrosEU,40,NA,NA,NA,Iryna_Kozerestka,wild,2016,247,UPM00033231,18.02007562
UA_Pyr_14_26,Ukraine,Pyriatyn,8/20/14,50.25375,32.51880556,spring,UA_Pyr,pooled,Europe,DrosEU,40,NA,NA,NA,Oleksandra_Protsenko,wild,2014,232,UPM00033362,37.87557386
UA_Pyr_15_21,Ukraine,Pyriatyn,8/26/15,50.25375,32.51880556,spring,UA_Pyr,pooled,Europe,DrosEU,40,NA,NA,NA,Iryna_Kozeretska,wild,2015,238,UPM00033362,37.87557386
UA_Pyr_16_49,Ukraine,Pyriatyn,8/23/16,50.53752,32.51880556,spring,UA_Pyr,pooled,Europe,DrosEU,40,SRR8494424,SRX5299043,HiSeq X Ten,Iryna_Kozerestka,wild,2016,236,UPM00033362,10.87191389
UA_Uma_14_50,Ukraine,Uman,10/1/14,48.75327778,30.20580556,fall,UA_Uma,pooled,Europe,DrosEU,40,SRR5647740,SRX2885368,NextSeq 500,Svitlana_Serga,wild,2014,274,UPM00033587,2.573364651
UA_Uma_15_9,Ukraine,Uman',9/26/15,48.75327778,30.20580556,fall,UA_Uma,pooled,Europe,DrosEU,40,SRR8439117,SRX5246591,HiSeq X Ten,Svitlana_Serga,wild,2015,269,UPM00033587,2.573364651
UA_Uma_16_50,Ukraine,Uman,9/17/16,48.75,30.2,fall,UA_Uma,pooled,Europe,DrosEU,40,SRR8494425,SRX5299042,HiSeq X Ten,Svitlana_Serga,wild,2016,261,UPM00033587,3.132365
UA_Uma_16_51,Ukraine,Uman K,9/11/16,48.76,30.17,fall,UA_Uma,pooled,Europe,DrosEU,40,SRR8494422,SRX5299045,HiSeq X Ten,Svitlana_Serga,wild,2016,255,UPM00033587,4.548938905
UA_Var_14_25,Ukraine,Varva,8/18/14,50.48469444,32.71425,spring,UA_Var,pooled,Europe,DrosEU,40,SRR5647738,SRX2885370,NextSeq 500,Oleksandra_Protsenko,wild,2014,230,UPM00033362,25.90628451
UA_Var_15_18,Ukraine,Varva,8/25/15,50.48469444,32.71425,spring,UA_Var,pooled,Europe,DrosEU,40,SRR8439152,SRX5246556,HiSeq X Ten,Iryna_Kozeretska,wild,2015,237,UPM00033362,25.90628451
UA_Var_16_60,Ukraine,Varva,8/26/16,50.48469444,32.71425,spring,UA_Var,pooled,Europe,DrosEU,40,SRR8494469,SRX5298998,HiSeq X Ten,Iryna_Kozerestka,wild,2016,239,UPM00033362,25.90628451
UA_Yal_14_16,Ukraine,Yalta,6/20/14,44.5015,34.16611944,spring,UA_Yal,pooled,Europe,DrosEU,40,SRR5647764,SRX2885344,NextSeq 500,Iryna_Kozeretska,wild,2014,171,UPM00033990,2.056967371
UA_Yal_14_18,Ukraine,Yalta,8/27/14,44.5015,34.16611944,spring,UA_Yal,pooled,Europe,DrosEU,40,SRR5647763,SRX2885345,NextSeq 500,Iryna_Kozeretska,wild,2014,239,UPM00033990,2.056967371
UA_Yal_15_23,Ukraine,Yalta,6/24/15,44.5015,34.16611944,spring,UA_Yal,pooled,Europe,DrosEU,40,SRR8439131,SRX5246577,HiSeq X Ten,Iryna_Kozeretska,wild,2015,175,UPM00033990,2.056967371
UA_Yal_15_63,Ukraine,Yalta,8/24/15,44.5015,34.16611944,spring,UA_Yal,pooled,Europe,DrosEU,40,SRR8439167,SRX5246541,HiSeq X Ten,Iryna_Kozeretska,wild,2015,236,UPM00033990,2.056967371
UA_Yal_16_61,Ukraine,Yalta,8/20/16,44.5015,34.1661,spring,UA_Yal,pooled,Europe,DrosEU,40,SRR8494436,SRX5299031,HiSeq X Ten,Iryna_Kozerestka,wild,2016,233,UPM00033946,22.21337
UK_Dai_15_52,United Kingdom,Dairsie. Fife,8/19/15,56.344534,-2.952766,spring,UK_Dai,pooled,Europe,DrosEU,40,SRR8439142,SRX5246566,HiSeq X Ten,Mike_Ritchie,wild,2015,231,UKM00003171,6.123790745
UK_Dai_16_23,United Kingdom,Dairsie. Fife,8/6/16,56.3447,-2.9525,spring,UK_Dai,pooled,Europe,DrosEU,40,SRR8494478,SRX5298989,HiSeq X Ten,Mike_Ritchie,wild,2016,219,UKM00003171,6.10014974
UK_Lut_14_13,United Kingdom,Lutterworth,10/20/14,52.433592,-1.102667,fall,UK_Lut,pooled,Europe,DrosEU,40,SRR5647759,SRX2885349,NextSeq 500,Eran_Tauber,wild,2014,293,UKE00105909,42.50732321
UK_Mar_14_12,United Kingdom,Market Harborough,10/20/14,52.475769,-0.921517,fall,UK_Mar,pooled,Europe,DrosEU,40,SRR5647760,SRX2885348,NextSeq 500,Eran_Tauber,wild,2014,293,UKE00156876,45.79790339
UK_Mar_15_42,United Kingdom,Market Harborough,7/7/15,52.4608,-0.959,spring,UK_Mar,pooled,Europe,DrosEU,40,SRR8439121,SRX5246587,HiSeq X Ten,mirko_pegoraro,wild,2015,188,UKE00156876,46.12705185
UK_Mar_16_53,United Kingdom,Market Harborough,10/23/16,52.46,-0.959,fall,UK_Mar,pooled,Europe,DrosEU,40,SRR8494432,SRX5299035,HiSeq X Ten,Eran_Tauber,wild,2016,297,UKE00156876,46.20767936
UK_She_14_09,United Kingdom,Sheffield,8/25/14,53.39052,-1.520599,spring,UK_She,pooled,Europe,DrosEU,40,SRR5647752,SRX2885356,NextSeq 500,Damiano_Porcelli,wild,2014,237,UKE00105904,2.305522037
UK_She_15_17,United Kingdom,Sheffield,10/4/15,53.391,-1.521,fall,UK_She,pooled,Europe,DrosEU,40,SRR8439153,SRX5246555,HiSeq X Ten,Damiano_Porcelli,wild,2015,277,UKE00105904,2.354394862
UK_Sou_14_10,United Kingdom,South Queensferry,7/14/14,55.972871,-3.351475,spring,UK_Sou,pooled,Europe,DrosEU,40,SRR5647757,SRX2885351,NextSeq 500,Darren_J._Obbard,wild,2014,195,UKE00105888,8.86054537
ES_ba_12_spring,Spain,Barcelona,7/13/12,41.38,2.17,spring,ES_ba,pooled,Europe,DrosRTEC,55,SRR3590549,SRX1801494,Illumina HiSeq 2000,J._Gonzalez,wild,2012,195,SPE00155991,0.480981525
ES_ba_12_fall,Spain,Barcelona,10/15/12,41.38,2.17,fall,ES_ba,pooled,Europe,DrosRTEC,29,SRR3590548,SRX1801493,Illumina HiSeq 2000,J._Gonzalez,wild,2012,289,SPE00155991,0.480981525
FL_ho_10_spring,USA,Homestead,7/15/10,25.5,-80.477,spring,FL_ho,pooled,NorthAmerica,DrosRTEC,39,SRR1525685,SRX661832,Illumina HiSeq 2000,P._Schmidt;_A._Bergland,5gen_lab,2010,196,USC00084095,7.340235292
FL_ho_10_fall,USA,Homestead,12/15/10,25.5,-80.477,fall,FL_ho,pooled,NorthAmerica,DrosRTEC,48,SRR1525694,SRX661833,Illumina HiSeq 2000,P._Schmidt;_A._Bergland,wild,2010,349,USC00084095,7.340235292
GA_ha_08_spring,USA,Hahia,7/15/08,30.99,-83.37,spring,GA_ha,pooled,NorthAmerica,DrosRTEC,51,SRR1525695,SRX661834,Illumina HiSeq 2000,P._Schmidt,5gen_lab,2008,197,USR0000GCOO,14.33963346
MA_la_12_spring,USA,Lancaster,7/28/12,42.45,-71.67,spring,MA_la,pooled,NorthAmerica,DrosRTEC,100,SRR3590557,SRX1801502,Illumina HiSeq 2000,P._Schmidt,wild,2012,210,USW00004780,13.3367348
MA_la_12_fall,USA,Lancaster,10/2/12,42.45,-71.67,fall,MA_la,pooled,NorthAmerica,DrosRTEC,63,SRR3590556,SRX1801501,Illumina HiSeq 2000,P._Schmidt_lab,wild,2012,276,USW00004780,13.3367348
ME_bo_09_fall.r1,USA,Bowdoin,10/15/09,44,-69.96,fall,ME_bo,pooled,NorthAmerica,DrosRTEC,86,SRR1525698,SRX661844,Illumina HiSeq 2000,P._Schmidt_lab,5gen_lab,2009,288,USC00172048,10.9401886
ME_bo_09_fall.r2,USA,Bowdoin,10/15/09,44,-69.96,fall,ME_bo,pooled,NorthAmerica,DrosRTEC,75,SRR1525699,SRX661845,Illumina HiSeq 2000,P._Schmidt_lab,wild,2009,288,USC00172048,10.9401886
NC_ra_03_n,USA,Raleigh,6/25/05,35.77,-78.63,NA,NC_ra,pooled,NorthAmerica,DrosRTEC,92,SRR1525697,SRX661836,Illumina HiSeq 2000,Mackay,inbred,2003,NA,USC00317074,6.637753218
NY_it_12_spring,USA,Ithaca,7/25/12,42.44,-76.5,spring,NY_it,pooled,NorthAmerica,DrosRTEC,30,SRR3590559,SRX1801504,Illumina HiSeq 2000,Howick/Lazzaro,wild,2012,207,USC00304174,4.30252227
NY_it_12_fall,USA,Ithaca,9/23/12,42.44,-76.5,fall,NY_it,pooled,NorthAmerica,DrosRTEC,58,SRR3590558,SRX1801503,Illumina HiSeq 2000,Howick/Lazzaro,wild,2012,267,USC00304174,4.30252227
PA_li_12_spring,USA,Linvilla,7/16/12,39.88,-75.41,spring,PA_li,pooled,NorthAmerica,DrosRTEC,115,SRR3590561,SRX1801506,Illumina HiSeq 2000,P._Schmidt_lab,wild,2012,198,USC00365390,6.272149199
PA_li_11_fall,USA,Linvilla,10/15/11,39.88,-75.41,fall,PA_li,pooled,NorthAmerica,DrosRTEC,47,SRR1525773,SRX661842,Illumina HiSeq 2000,P._Schmidt_lab,F1,2011,288,USC00365390,6.272149199
PA_li_12_fall,USA,Linvilla,10/10/12,39.88,-75.41,fall,PA_li,pooled,NorthAmerica,DrosRTEC,100,SRR3590560,SRX1801505,Illumina HiSeq 2000,P._Schmidt_lab,wild,2012,284,USC00365390,6.272149199
PA_li_09_fall,USA,Linvilla,11/15/09,39.88,-75.41,fall,PA_li,pooled,NorthAmerica,DrosRTEC,74,SRR1525769,SRX661838,Illumina HiSeq 2000,P._Schmidt_lab,F1,2009,319,USC00365390,6.272149199
PA_li_10_fall,USA,Linvilla,11/15/10,39.88,-75.41,fall,PA_li,pooled,NorthAmerica,DrosRTEC,33,SRR1525771,SRX661840,Illumina HiSeq 2000,P._Schmidt_lab,F1,2010,319,USC00365390,6.272149199
PA_li_11_frost,USA,Linvilla,11/15/11,39.88,-75.41,frost,PA_li,pooled,NorthAmerica,DrosRTEC,50,SRR1525774,SRX661843,Illumina HiSeq 2000,P._Schmidt_lab,F1,2011,319,USC00365390,6.272149199
PA_li_09_spring,USA,Linvilla,7/15/09,39.88,-75.41,spring,PA_li,pooled,NorthAmerica,DrosRTEC,55,SRR1525768,SRX661837,Illumina HiSeq 2000,P._Schmidt_lab,F1,2009,196,USC00365390,6.272149199
PA_li_10_spring,USA,Linvilla,7/15/10,39.88,-75.41,spring,PA_li,pooled,NorthAmerica,DrosRTEC,116,SRR1525770,SRX661839,Illumina HiSeq 2000,P._Schmidt_lab,F1,2010,196,USC00365390,6.272149199
PA_li_11_spring,USA,Linvilla,7/15/11,39.88,-75.41,spring,PA_li,pooled,NorthAmerica,DrosRTEC,75,SRR1525772,SRX661841,Illumina HiSeq 2000,P._Schmidt_lab,F1,2011,196,USC00365390,6.272149199
PA_li_12_sum,USA,Linvilla,9/13/12,39.88,-75.41,fall,PA_li,pooled,NorthAmerica,DrosRTEC,50,SRR3590563,SRX1801508,Illumina HiSeq 2000,P._Schmidt_lab,wild,2012,257,USC00365390,6.272149199
SC_eu_10_spring,USA,Eutawville,7/15/10,33.39,-80.34,spring,SC_eu,pooled,NorthAmerica,DrosRTEC,48,SRR1525696,SRX661835,Illumina HiSeq 2000,P._Schmidt_lab,5gen_lab,2010,196,USC00384205,10.87705827
VA_ch_12_spring,USA,Charlottesville,7/18/12,38,-78.47,spring,VA_ch,pooled,NorthAmerica,DrosRTEC,95,SRR3590551,SRX1801496,Illumina HiSeq 2000,P._Schmidt,wild,2012,200,USW00003759,0.475773345
VA_ch_12_fall,USA,Charlottesville,11/5/12,38,-78.47,fall,VA_ch,pooled,NorthAmerica,DrosRTEC,50,SRR3590550,SRX1801495,Illumina HiSeq 2000,P._Schmidt_lab,wild,2012,310,USW00003759,0.475773345
AT_gr_12_spring,Austria,Gross-Enzersdorf,8/3/12,48.2,16.37,spring,AT_gr,pooled,Europe,DrosRTEC,62,SRR3590553,SRX1801498,Illumina HiSeq 2000,Fabian/Flatt,wild,2012,216,AU000005901,3.969325079
AT_gr_12_fall,Austria,Gross-Enzersdorf,10/20/12,48.2,16.37,fall,AT_gr,pooled,Europe,DrosRTEC,44,SRR3590552,SRX1801497,Illumina HiSeq 2000,Fabian/Flatt,wild,2012,294,AU000005901,3.969325079
WI_cp_12_spring,USA,Cross Plains,6/10/12,43.11,-89.65,spring,WI_cp,pooled,NorthAmerica,DrosRTEC,83,SRR3590555,SRX1801500,Illumina HiSeq 2000,J._Pool,wild,2012,162,USC00471416,14.78484987
WI_cp_12_fall,USA,Cross Plains,9/11/12,43.11,-89.65,fall,WI_cp,pooled,NorthAmerica,DrosRTEC,164,SRR3590562,SRX1801507,Illumina HiSeq 2000,J._Pool,wild,2012,255,USC00471416,14.78484987
WI_cp_12_frost,USA,Cross Plains,10/20/12,43.11,-89.65,frost,WI_cp,pooled,NorthAmerica,DrosRTEC,100,SRR3590554,SRX1801499,Illumina HiSeq 2000,J._Pool,wild,2012,294,USC00471416,14.78484987
CA_es_12_spring,USA,Esparto,6/13/12,38.68,-122.046,spring,CA_es,pooled,NorthAmerica,DrosRTEC,27,SRR3939042,SRX1968271,Illumina HiSeq 2000,H._Machado,wild,2012,165,USR0000CBRO,10.75110593
WI_cp_13_spring,USA,Cross Plains,7/2/13,43.11,-89.65,spring,WI_cp,pooled,NorthAmerica,DrosRTEC,130,SRR3939051,SRX1968280,Illumina HiSeq 4000,J._Pool,wild,2013,183,USC00471416,14.78484987
WI_cp_13_fall,USA,Cross Plains,9/22/13,43.11,-89.65,fall,WI_cp,pooled,NorthAmerica,DrosRTEC,61,SRR3939052,SRX1968281,Illumina HiSeq 4000,J._Pool,wild,2013,265,USC00471416,14.78484987
PA_li_13_spring,USA,Linvilla,6/15/13,39.88,-75.41,spring,PA_li,pooled,NorthAmerica,DrosRTEC,54,SRR3939095,SRX1968324,Illumina HiSeq 4000,P._Schmidt_lab,wild,2013,166,USC00365390,6.272149199
UA_od_13_fall,Ukraine,Odessa,10/15/13,46.49,30.71,fall,UA_od,pooled,Europe,DrosRTEC,61,SRR3939053,SRX1968282,Illumina HiSeq 4000,I._Kozeretska,wild,2013,288,UPM00033837,6.242456774
UA_od_13_spring,Ukraine,Odessa,5/15/13,46.49,30.71,spring,UA_od,pooled,Europe,DrosRTEC,37,SRR3939055,SRX1968284,Illumina HiSeq 4000,I._Kozeretska,wild,2013,135,UPM00033837,6.242456774
CA_es_12_fall,USA,Esparto,8/22/12,38.68,-122.046,fall,CA_es,pooled,NorthAmerica,DrosRTEC,92,SRR3939043,SRX1968272,Illumina HiSeq 2000,H._Machado,wild,2012,235,USR0000CBRO,10.75110593
CA_pl_12_fall,USA,Placerville,8/25/12,38.74,-120.74,fall,CA_pl,pooled,NorthAmerica,DrosRTEC,100,SRR3939054,SRX1968283,Illumina HiSeq 2000,H._Machado,wild,2012,238,USC00046962,0.944751534
GA_at_14_fall,USA,Athens,10/15/14,33.95,-83.36,fall,GA_at,pooled,NorthAmerica,DrosRTEC,99,SRR3939056,SRX1968285,Illumina HiSeq 4000,K_.Dyer,wild,2014,288,USW00013873,3.011680235
GA_at_14_spring,USA,Athens,6/15/14,33.95,-83.36,spring,GA_at,pooled,NorthAmerica,DrosRTEC,44,SRR3939057,SRX1968286,Illumina HiSeq 4000,K_.Dyer,wild,2014,166,USW00013873,3.011680235
MI_bh_14_fall,USA,Benton Harbor,11/5/14,42.1111,-86.4483,fall,MI_bh,pooled,NorthAmerica,DrosRTEC,34,SRR3939058,SRX1968287,Illumina HiSeq 4000,T._Karasov_et_al,wild,2014,309,USC00200710,2.318021111
MI_bh_14_spring,USA,Benton Harbor,7/26/14,42.1111,-86.4483,spring,MI_bh,pooled,NorthAmerica,DrosRTEC,106,SRR3939059,SRX1968288,Illumina HiSeq 4000,T._Karasov_et_al,wild,2014,207,USC00200710,2.318021111
VA_ch_14_fall,USA,Charlotttesville,10/14/14,38,-78.47,fall,VA_ch,pooled,NorthAmerica,DrosRTEC,76,SRR3939076,SRX1968305,Illumina HiSeq 4000,P._Schmidt_lab,wild,2014,287,USW00003759,0.475773345
VA_ch_14_spring,USA,Charlotttesville,6/25/14,38,-78.47,spring,VA_ch,pooled,NorthAmerica,DrosRTEC,104,SRR3939077,SRX1968306,Illumina HiSeq 4000,P._Schmidt_lab,wild,2014,176,USW00003759,0.475773345
WI_cp_14_spring,USA,Cross Plains,6/25/14,43.11,-89.65,spring,WI_cp,pooled,NorthAmerica,DrosRTEC,130,SRR3939078,SRX1968307,Illumina HiSeq 4000,J._Pool,wild,2014,176,USC00471416,14.78484987
WI_cp_14_fall,USA,Cross Plains,9/18/14,43.11,-89.65,fall,WI_cp,pooled,NorthAmerica,DrosRTEC,61,SRR8061819,SRX4891299,Illumina HiSeq 2000,J._Pool,wild,2014,261,USC00471416,14.78484987
MA_la_14_fall,USA,Lancaster,10/20/14,42.45,-71.67,fall,MA_la,pooled,NorthAmerica,DrosRTEC,90,SRR3939080,SRX1968309,Illumina HiSeq 4000,P._Schmidt_lab,wild,2014,293,USW00004780,13.3367348
MA_la_14_spring,USA,Lancaster,7/20/14,42.45,-71.67,spring,MA_la,pooled,NorthAmerica,DrosRTEC,32,SRR3939082,SRX1968311,Illumina HiSeq 4000,P._Schmidt_lab,wild,2014,201,USW00004780,13.3367348
PA_li_14_fall,USA,Linvilla,10/17/14,39.88,-75.41,fall,PA_li,pooled,NorthAmerica,DrosRTEC,50,SRR3939096,SRX1968325,Illumina HiSeq 4000,P._Schmidt_lab,wild,2014,290,USW00013739,15.35999259
PA_li_14_spring,USA,Linvilla,6/27/14,39.88,-75.41,spring,PA_li,pooled,NorthAmerica,DrosRTEC,92,SRR3939097,SRX1968326,Illumina HiSeq 4000,P._Schmidt_lab,wild,2014,178,USW00013739,15.35999259
PA_st_14_fall,USA,State College,10/16/14,40.793395,-77.860001,fall,PA_st,pooled,NorthAmerica,DrosRTEC,67,SRR3939083,SRX1968312,Illumina HiSeq 4000,S._Schaeffer,wild,2014,289,USC00368449,0.607668177
PA_st_14_spring,USA,State College,6/18/14,40.793395,-77.860001,spring,PA_st,pooled,NorthAmerica,DrosRTEC,45,SRR3939084,SRX1968313,Illumina HiSeq 4000,S._Schaeffer,wild,2014,169,USC00368449,0.607668177
KA_to_14_fall,USA,Topeka,10/22/14,39.202831,-95.741527,fall,KA_to,pooled,NorthAmerica,DrosRTEC,48,SRR3939085,SRX1968314,Illumina HiSeq 4000,P.Roy,wild,2014,295,USC00148171,17.40114088
KA_to_14_spring,USA,Topeka,6/22/14,39.0913433,-95.6246509,spring,KA_to,pooled,NorthAmerica,DrosRTEC,72,SRR3939086,SRX1968315,Illumina HiSeq 4000,P.Roy,wild,2014,173,USW00013996,2.095700453
WA_se_14_spring,USA,Tacoma,7/15/14,47.23713,-122.39627,spring,WA_se,pooled,NorthAmerica,DrosRTEC,70,SRR8061818,SRX4891300,Illumina HiSeq 2000,D._Promislow,wild,2014,196,USC00458278,1.645607308
CA_st_12_fall,USA,Stockton,10/1/12,38.02,-121.2,fall,CA_st,pooled,NorthAmerica,DrosRTEC,100,SRR3939081,SRX1968310,Illumina HiSeq 2000,H._Machado,wild,2012,275,USC00048560,10.5949705
CA_tu_12_fall,USA,Tuolumne,10/10/12,37.97,-120.26,fall,CA_tu,pooled,NorthAmerica,DrosRTEC,116,SRR3939093,SRX1968322,Illumina HiSeq 2000,H._Machado,wild,2012,284,USR0000CELI,10.39771913
CA_st_12_frost,USA,Stockton,11/15/12,38.02,-121.2,frost,CA_st,pooled,NorthAmerica,DrosRTEC,58,SRR3939100,SRX1968329,Illumina HiSeq 2000,H._Machado,wild,2012,320,USC00048560,10.5949705
CA_tu_12_frost,USA,Tuolumne,11/17/12,37.97,-120.26,frost,CA_tu,pooled,NorthAmerica,DrosRTEC,60,SRR3939101,SRX1968330,Illumina HiSeq 2000,H._Machado,wild,2012,322,USR0000CELI,10.39771913
VA_ch_15_fall,USA,Charlotttesville,10/19/15,38,-78.47,fall,VA_ch,pooled,NorthAmerica,DrosRTEC,89,SRR3939087,SRX1968316,Illumina HiSeq 4000,A._Bergland,wild,2015,292,USW00003759,0.475773345
VA_ch_15_spring,USA,Charlotttesville,7/1/15,38,-78.47,spring,VA_ch,pooled,NorthAmerica,DrosRTEC,65,SRR3939088,SRX1968317,Illumina HiSeq 4000,A._Bergland,wild,2015,182,USW00003759,0.475773345
PA_li_15_fall,USA,Linvilla,10/15/15,39.88,-75.41,fall,PA_li,pooled,NorthAmerica,DrosRTEC,52,SRR3939098,SRX1968327,Illumina HiSeq 4000,P._Schmidt_lab,wild,2015,288,USW00013739,15.35999259
PA_li_15_spring,USA,Linvilla,7/15/15,39.88,-75.41,spring,PA_li,pooled,NorthAmerica,DrosRTEC,74,SRR3939099,SRX1968328,Illumina HiSeq 4000,P._Schmidt_lab,wild,2015,196,USW00013739,15.35999259
PA_st_15_spring,USA,State College,7/18/15,40.793395,-77.860001,spring,PA_st,pooled,NorthAmerica,DrosRTEC,47,SRR3939089,SRX1968318,Illumina HiSeq 4000,S._Schaeffer,wild,2015,199,USC00368449,0.607668177
ON_su_15_spring,Canada,Sudbury,8/3/15,46.53,-80.96,spring,ON_su,pooled,NorthAmerica,DrosRTEC,108,SRR3939091,SRX1968320,Illumina HiSeq 4000,T._Merrit,wild,2015,215,CA006068145,16.80056936
ON_su_15_fall,Canada,Sudbury,9/30/15,46.53,-80.96,fall,ON_su,pooled,NorthAmerica,DrosRTEC,110,SRR3939092,SRX1968321,Illumina HiSeq 4000,T._Merrit,wild,2015,273,CA006068145,16.80056936
IL_ur_15_spring,USA,Urbana,7/11/15,40.11,-88.21,spring,IL_ur,pooled,NorthAmerica,DrosRTEC,184,SRR3939094,SRX1968323,Illumina HiSeq 4000,J._Birdsley,wild,2015,192,USC00118740,3.882611327
CA_pl_12_frost,USA,Placerville,11/18/12,38.74,-120.74,frost,CA_pl,pooled,NorthAmerica,DrosRTEC,56,SRR3939102,SRX1968331,Illumina HiSeq 2000,H._Machado,wild,2012,323,USC00046962,0.944751534
CA_es_12_frost,USA,Esparto,11/20/12,38.68,-122.046,frost,CA_es,pooled,NorthAmerica,DrosRTEC,92,SRR3939103,SRX1968332,Illumina HiSeq 2000,H._Machado,wild,2012,325,USR0000CBRO,10.75110593
CA_es_13_spring,USA,Esparto,5/7/13,38.68,-122.046,spring,CA_es,pooled,NorthAmerica,DrosRTEC,50,SRR3939104,SRX1968333,Illumina HiSeq 2000,H._Machado,wild,2013,127,USR0000CBRO,10.75110593
CA_tu_13_spring,USA,Tuolumne,5/14/13,37.97,-120.26,spring,CA_tu,pooled,NorthAmerica,DrosRTEC,98,SRR3939044,SRX1968273,Illumina HiSeq 2000,H._Machado,wild,2013,134,USR0000CELI,10.39771913
CA_pl_13_fall,USA,Placerville,8/30/13,38.74,-120.74,fall,CA_pl,pooled,NorthAmerica,DrosRTEC,88,SRR3939045,SRX1968274,Illumina HiSeq 2000,H._Machado,wild,2013,242,USC00046962,0.944751534
CA_tu_13_fall,USA,Tuolumne,8/31/13,37.97,-120.26,fall,CA_tu,pooled,NorthAmerica,DrosRTEC,100,SRR3939046,SRX1968275,Illumina HiSeq 2000,H._Machado,wild,2013,243,USR0000CELI,10.39771913
CA_st_13_fall,USA,Stockton,9/3/13,38.02,-121.2,fall,CA_st,pooled,NorthAmerica,DrosRTEC,72,SRR3939047,SRX1968276,Illumina HiSeq 2000,H._Machado,wild,2013,246,USC00048560,10.5949705
CA_es_13_fall,USA,Esparto,9/1/13,38.68,-122.046,fall,CA_es,pooled,NorthAmerica,DrosRTEC,57,SRR3939048,SRX1968277,Illumina HiSeq 2000,H._Machado,wild,2013,244,USR0000CBRO,10.75110593
CA_tu_13_frost,USA,Tuolumne,12/8/13,37.97,-120.26,frost,CA_tu,pooled,NorthAmerica,DrosRTEC,100,SRR3939049,SRX1968278,Illumina HiSeq 2000,H._Machado,wild,2013,342,USR0000CELI,10.39771913
CA_pl_13_frost,USA,Placerville,12/16/13,38.74,-120.74,frost,CA_pl,pooled,NorthAmerica,DrosRTEC,72,SRR3939050,SRX1968279,Illumina HiSeq 2000,H._Machado,wild,2013,350,USC00046962,0.944751534
B,China,Beijing,1992/9,39.91,116.41,NA,B,inbred_line,Asia,dgn,15,NA,NA,NA,X._Huang,NA,1992,NA,CHM00054511,11.15371331
CO,Cameroon,Oku,2004/4,6.25,10.43,NA,CO,haploid_embryo,Africa,dgn,10,NA,NA,NA,J._Pool,NA,2004,NA,NIM00065271,257.1398241
EA,Ethiopia,Gambella,2011/12,8.25,34.59,NA,EA,inbred_line,Africa,dgn,20,NA,NA,NA,R._Corbett-Detig,NA,2011,NA,ET000063403,104.4949828
EB,Ethiopia,Bonga,2011/12,7.26,36.25,NA,EB,haploid_embryo,Africa,dgn,5,NA,NA,NA,R._Corbett-Detig,NA,2011,NA,ET000063402,78.53165393
ED,Ethiopia,Dodola,2008/12,6.98,39.18,NA,ED,haploid_embryo,Africa,dgn,5,NA,NA,NA,J._Pool,NA,2008,NA,ET000063450,231.9462246
EF,Ethiopia,Fiche,2011/12,9.81,38.63,NA,EF,inbred_line,Africa,dgn,63,NA,NA,NA,R._Corbett-Detig,NA,2011,NA,ET000063450,86.94320965
EG,Egypt,Cairo,2011/1,30.1,31.32,NA,EG,inbred_line,Africa,dgn,29,NA,NA,NA,R._Corbett-Detig,NA,2011,NA,EGM00062318,178.0812115
ER,Ethiopia,Debre Birhan,2011/12,9.68,39.53,NA,ER,haploid_embryo,Africa,dgn,5,NA,NA,NA,R._Corbett-Detig,NA,2011,NA,ET000063450,111.6330652
FR,France,Lyon,2010/7,45.77,4.86,NA,FR,inbred_line,Europe,dgn,87,NA,NA,NA,J._Pool,NA,2010,NA,FR069029001,17.62705524
GA,Gabon,Franceville,2002/3,-1.65,13.6,NA,GA,haploid_embryo,Africa,dgn,9,NA,NA,NA,B._Ballard;S._Charlat,NA,2002,NA,GBM00064570,22.33387692
GU,Guinea,Dondð,2005/6,10.7,-12.25,NA,GU,haploid_embryo,Africa,dgn,5,NA,NA,NA,B._B._Sow,NA,2005,NA,GV000001820,40.97046014
I,United States,Ithaca NY,2004,42.35,-76.57,NA,I,inbred_line,North_America,dgn,19,NA,NA,NA,E._Hill-Burns;B._Lazzaro,NA,2004,NA,USC00304174,14.84379267
KN,Kenya,Nyahururu,2009/1,0.04,36.36,NA,KN,haploid_embryo,Africa,dgn,5,NA,NA,NA,J._Pool,NA,2009,NA,KEM00063686,131.1179987
N,Netherlands,Houten,1998,52.02,5.1,NA,N,inbred_line,Europe,dgn,19,NA,NA,NA,Z._Bochdanovits;G._de_Jong,NA,1998,NA,NLM00006260,10.33102649
NG,Nigeria,Maiduguri,2004/9,11.85,13.16,NA,NG,haploid_embryo,Africa,dgn,6,NA,NA,NA,D._Gwary;B._Sastawa,NA,2004,NA,NIM00065082,8.390113662
RAL,United States,Raleigh NC,2003,35.76,-78.66,NA,RAL,inbred_line,North_America,dgn,205,NA,NA,NA,T._Mackay,NA,2003,NA,USC00317074,4.025051198
RG,Rwanda,Gikongoro,2008/12,-2.49,28.92,NA,RG,haploid_embryo,Africa,dgn,27,NA,NA,NA,J._Pool,NA,2008,NA,RWM00064387,147.3261096
SB,South Africa,Barkly East,2011/12,-30.97,27.59,NA,SB,haploid_embryo,Africa,dgn,5,NA,NA,NA,J._Pool,NA,2011,NA,SF001771780,4.211974588
SD,South Africa,Dullstroom,2011/12,-25.42,30.1,NA,SD,inbred_line,Africa,dgn,76,NA,NA,NA,J._Pool,NA,2011,NA,SF005547860,51.21898901
SP,South Africa,Phalaborwa,2010/7,-23.94,31.14,NA,SP,inbred_line,Africa,dgn,30,NA,NA,NA,R._Corbett-Detig,NA,2010,NA,MZM00067331,113.1087541
T,Australia,Sorell TAS,2004,-42.77,147.56,NA,T,inbred_line,Australia,dgn,18,NA,NA,NA,Hoffmann,NA,2004,NA,ASN00094008,8.4795878
UK,Uganda,Kisoro,2012/1,-1.28,29.69,NA,UK,haploid_embryo,Africa,dgn,5,NA,NA,NA,R._Corbett-Detig,NA,2012,NA,RWM00064387,91.10633479
W,United States,Winters CA,1998,38.53,-121.97,NA,W,inbred_line,North_America,dgn,35,NA,NA,NA,H._Yang;S._Nuzhdin,NA,1998,NA,USC00049742,0.857213863
ZI,Zambia,Siavonga,2010/7,-16.54,28.72,NA,ZI,haploid_embryo,Africa,dgn,196,NA,NA,NA,R._Corbett-Detig,NA,2010,NA,ZI000067775,298.4644342
ZW,Zimbabwe,Victoria Falls,2001/7,-17.94,25.83,NA,ZW,inbred_line,Africa,dgn,9,NA,NA,NA,B._Ballard,NA,2001,NA,ZA000067743,13.68299514
SIM,w501,w501,NA,NA,NA,NA,w501,inbred_line,NA,dgn,1,NA,NA,NA,NA,NA,NA,NA,NA,NA